{"cameraMode":{"drawMode":0,"name":"Shaded","section":"Shading Mode"},"sceneLighting":true,"audioPlay":false,"sceneViewState":{"showFog":true,"showMaterialUpdate":false,"showSkybox":true,"showFlares":true,"showImageEffects":true,"showParticleSystems":true},"in2DMode":false,"pivot":{"x":331.6469421386719,"y":-187.9124755859375,"z":81.14240264892578},"rotation":{"x":-0.20484638214111329,"y":-0.6875148415565491,"z":0.21221312880516053,"w":-0.663600742816925},"size":400.7916259765625,"orthographic":false}