{"cameraMode":{"drawMode":0,"name":"Shaded","section":"Shading Mode"},"sceneLighting":true,"audioPlay":false,"sceneViewState":{"showFog":true,"showMaterialUpdate":false,"showSkybox":true,"showFlares":true,"showImageEffects":true,"showParticleSystems":true},"in2DMode":false,"pivot":{"x":35.33148956298828,"y":-18.009777069091798,"z":31.500377655029298},"rotation":{"x":0.2579602301120758,"y":0.34395578503608706,"z":-0.0988679975271225,"w":0.8974273800849915},"size":72.48247528076172,"orthographic":false}