{"cameraMode":{"drawMode":0,"name":"Shaded","section":"Shading Mode"},"sceneLighting":true,"audioPlay":false,"sceneViewState":{"showFog":true,"showMaterialUpdate":false,"showSkybox":true,"showFlares":true,"showImageEffects":true,"showParticleSystems":true},"in2DMode":false,"pivot":{"x":0.13198108971118928,"y":-93.78624725341797,"z":35.04866409301758},"rotation":{"x":0.17467594146728517,"y":-0.8252120614051819,"z":0.3873831033706665,"w":0.3720972537994385},"size":65.01567840576172,"orthographic":true}