{"cameraMode":{"drawMode":2,"name":"Shaded Wireframe","section":"Shading Mode"},"sceneLighting":true,"audioPlay":false,"sceneViewState":{"showFog":true,"showMaterialUpdate":false,"showSkybox":true,"showFlares":true,"showImageEffects":true,"showParticleSystems":true},"in2DMode":false,"pivot":{"x":197.7131805419922,"y":-228.5363006591797,"z":385.2431945800781},"rotation":{"x":0.24803805351257325,"y":0.23122386634349824,"z":-0.06108906492590904,"w":0.9387810230255127},"size":481.16668701171877,"orthographic":false}