{"cameraMode":{"drawMode":0,"name":"Shaded","section":"Shading Mode"},"sceneLighting":true,"audioPlay":false,"sceneViewState":{"showFog":true,"showMaterialUpdate":false,"showSkybox":true,"showFlares":true,"showImageEffects":true,"showParticleSystems":true},"in2DMode":false,"pivot":{"x":841.2750854492188,"y":-944.1694946289063,"z":-514.1182250976563},"rotation":{"x":-0.1762651950120926,"y":-0.8178821802139282,"z":0.3293350040912628,"w":-0.43771088123321535},"size":1394.1025390625,"orthographic":false}