{"cameraMode":{"drawMode":0,"name":"Shaded","section":"Shading Mode"},"sceneLighting":true,"audioPlay":false,"sceneViewState":{"showFog":true,"showMaterialUpdate":false,"showSkybox":true,"showFlares":true,"showImageEffects":true,"showParticleSystems":true},"in2DMode":false,"pivot":{"x":189.8860321044922,"y":-1262.86328125,"z":-564.5970458984375},"rotation":{"x":0.014066759496927262,"y":-0.8751455545425415,"z":0.4830023944377899,"w":0.025477053597569467},"size":1530.3338623046875,"orthographic":false}