{"cameraMode":{"drawMode":0,"name":"Shaded","section":"Shading Mode"},"sceneLighting":true,"audioPlay":false,"sceneViewState":{"showFog":true,"showMaterialUpdate":false,"showSkybox":true,"showFlares":true,"showImageEffects":true,"showParticleSystems":true},"in2DMode":false,"pivot":{"x":-60.52959060668945,"y":-29.472366333007814,"z":-23.8411922454834},"rotation":{"x":-0.0955938771367073,"y":0.8323686718940735,"z":-0.1517322063446045,"w":-0.5244072079658508},"size":122.30378723144531,"orthographic":false}