{"cameraMode":{"drawMode":0,"name":"Shaded","section":"Shading Mode"},"sceneLighting":true,"audioPlay":false,"sceneViewState":{"showFog":true,"showMaterialUpdate":false,"showSkybox":true,"showFlares":true,"showImageEffects":true,"showParticleSystems":true},"in2DMode":false,"pivot":{"x":-536.3330688476563,"y":-1139.0955810546875,"z":-124.25971984863281},"rotation":{"x":-0.28427913784980776,"y":0.7046079635620117,"z":-0.37929075956344607,"w":-0.5281311273574829},"size":1604.5694580078125,"orthographic":false}