{"cameraMode":{"drawMode":0,"name":"Shaded","section":"Shading Mode"},"sceneLighting":true,"audioPlay":false,"sceneViewState":{"showFog":true,"showMaterialUpdate":false,"showSkybox":true,"showFlares":true,"showImageEffects":true,"showParticleSystems":true},"in2DMode":false,"pivot":{"x":355.61224365234377,"y":-319.7232666015625,"z":-84.20648193359375},"rotation":{"x":0.20682314038276673,"y":0.7590293884277344,"z":-0.2872658669948578,"w":0.5464553236961365},"size":572.7113037109375,"orthographic":false}