{"cameraMode":{"drawMode":2,"name":"Shaded Wireframe","section":"Shading Mode"},"sceneLighting":true,"audioPlay":false,"sceneViewState":{"showFog":true,"showMaterialUpdate":false,"showSkybox":true,"showFlares":true,"showImageEffects":true,"showParticleSystems":true},"in2DMode":false,"pivot":{"x":-292.1695861816406,"y":-834.4863891601563,"z":-800.973388671875},"rotation":{"x":0.06799674034118653,"y":-0.9140891432762146,"z":0.36075857281684878,"w":0.17228971421718598},"size":1267.4139404296875,"orthographic":false}