{"cameraMode":{"drawMode":0,"name":"Shaded","section":"Shading Mode"},"sceneLighting":true,"audioPlay":false,"sceneViewState":{"showFog":true,"showMaterialUpdate":false,"showSkybox":true,"showFlares":true,"showImageEffects":true,"showParticleSystems":true},"in2DMode":false,"pivot":{"x":641.9514770507813,"y":-750.9268188476563,"z":89.02227020263672},"rotation":{"x":-0.3105810582637787,"y":-0.6152573823928833,"z":0.2872582674026489,"w":-0.665216326713562},"size":1008.703125,"orthographic":false}