{"cameraMode":{"drawMode":0,"name":"Shaded","section":"Shading Mode"},"sceneLighting":true,"audioPlay":false,"sceneViewState":{"showFog":true,"showMaterialUpdate":false,"showSkybox":true,"showFlares":true,"showImageEffects":true,"showParticleSystems":true},"in2DMode":false,"pivot":{"x":613.6456909179688,"y":-471.5689697265625,"z":40.75408935546875},"rotation":{"x":-0.21059349179267884,"y":-0.7308955788612366,"z":0.2584627568721771,"w":-0.5955365896224976},"size":933.5731201171875,"orthographic":false}