{"cameraMode":{"drawMode":0,"name":"Shaded","section":"Shading Mode"},"sceneLighting":true,"audioPlay":false,"sceneViewState":{"showFog":true,"showMaterialUpdate":false,"showSkybox":true,"showFlares":true,"showImageEffects":true,"showParticleSystems":true},"in2DMode":false,"pivot":{"x":99.65422821044922,"y":-262.7822570800781,"z":349.49176025390627},"rotation":{"x":-0.3527752161026001,"y":-0.04123996943235397,"z":0.015565873123705387,"w":-0.9346801042556763},"size":492.029541015625,"orthographic":false}